[
    {
        "code": "af",
        "name_eng": "Afrikaans"
    },
    {
        "code": "af-NA",
        "name_eng": "Afrikaans (Namibia)"
    },
    {
        "code": "af-ZA",
        "name_eng": "Afrikaans (South Africa)"
    },
    {
        "code": "ak",
        "name_eng": "Akan"
    },
    {
        "code": "ak-GH",
        "name_eng": "Akan (Ghana)"
    },
    {
        "code": "am",
        "name_eng": "Amharic"
    },
    {
        "code": "am-ET",
        "name_eng": "Amharic (Ethiopia)"
    },
    {
        "code": "ar",
        "name_eng": "Arabic"
    },
    {
        "code": "ar-AE",
        "name_eng": "Arabic (United Arab Emirates)"
    },
    {
        "code": "ar-BH",
        "name_eng": "Arabic (Bahrain)"
    },
    {
        "code": "ar-DJ",
        "name_eng": "Arabic (Djibouti)"
    },
    {
        "code": "ar-DZ",
        "name_eng": "Arabic (Algeria)"
    },
    {
        "code": "ar-EG",
        "name_eng": "Arabic (Egypt)"
    },
    {
        "code": "ar-EH",
        "name_eng": "Arabic (Western Sahara)"
    },
    {
        "code": "ar-ER",
        "name_eng": "Arabic (Eritrea)"
    },
    {
        "code": "ar-IL",
        "name_eng": "Arabic (Israel)"
    },
    {
        "code": "ar-IQ",
        "name_eng": "Arabic (Iraq)"
    },
    {
        "code": "ar-JO",
        "name_eng": "Arabic (Jordan)"
    },
    {
        "code": "ar-KM",
        "name_eng": "Arabic (Comoros)"
    },
    {
        "code": "ar-KW",
        "name_eng": "Arabic (Kuwait)"
    },
    {
        "code": "ar-LB",
        "name_eng": "Arabic (Lebanon)"
    },
    {
        "code": "ar-LY",
        "name_eng": "Arabic (Libya)"
    },
    {
        "code": "ar-MA",
        "name_eng": "Arabic (Morocco)"
    },
    {
        "code": "ar-MR",
        "name_eng": "Arabic (Mauritania)"
    },
    {
        "code": "ar-OM",
        "name_eng": "Arabic (Oman)"
    },
    {
        "code": "ar-PS",
        "name_eng": "Arabic (West Bank)"
    },
    {
        "code": "ar-QA",
        "name_eng": "Arabic (Qatar)"
    },
    {
        "code": "ar-SA",
        "name_eng": "Arabic (Saudi Arabia)"
    },
    {
        "code": "ar-SD",
        "name_eng": "Arabic (Sudan)"
    },
    {
        "code": "ar-SO",
        "name_eng": "Arabic (Somalia)"
    },
    {
        "code": "ar-SS",
        "name_eng": "Arabic (South Sudan)"
    },
    {
        "code": "ar-SY",
        "name_eng": "Arabic (Syria)"
    },
    {
        "code": "ar-TD",
        "name_eng": "Arabic (Chad)"
    },
    {
        "code": "ar-TN",
        "name_eng": "Arabic (Tunisia)"
    },
    {
        "code": "ar-YE",
        "name_eng": "Arabic (Yemen)"
    },
    {
        "code": "as",
        "name_eng": "Assamese"
    },
    {
        "code": "as-IN",
        "name_eng": "Assamese (India)"
    },
    {
        "code": "az",
        "name_eng": "Azerbaijani"
    },
    {
        "code": "az-AZ",
        "name_eng": "Azerbaijani (Azerbaijan)"
    },
    {
        "code": "az-Cyrl",
        "name_eng": "Azerbaijani (Cyrillic)"
    },
    {
        "code": "az-Cyrl-AZ",
        "name_eng": "Azerbaijani (Cyrillic, Azerbaijan)"
    },
    {
        "code": "az-Latn",
        "name_eng": "Azerbaijani (Latin)"
    },
    {
        "code": "az-Latn-AZ",
        "name_eng": "Azerbaijani (Latin, Azerbaijan)"
    },
    {
        "code": "be",
        "name_eng": "Belarusian"
    },
    {
        "code": "be-BY",
        "name_eng": "Belarusian (Belarus)"
    },
    {
        "code": "bg",
        "name_eng": "Bulgarian"
    },
    {
        "code": "bg-BG",
        "name_eng": "Bulgarian (Bulgaria)"
    },
    {
        "code": "bm",
        "name_eng": "Bambara"
    },
    {
        "code": "bm-Latn",
        "name_eng": "Bambara (Latin)"
    },
    {
        "code": "bm-Latn-ML",
        "name_eng": "Bambara (Latin, Mali)"
    },
    {
        "code": "bn",
        "name_eng": "Bengali"
    },
    {
        "code": "bn-BD",
        "name_eng": "Bengali (Bengladesh)"
    },
    {
        "code": "bn-IN",
        "name_eng": "Bengali (India)"
    },
    {
        "code": "bo",
        "name_eng": "Tibetan"
    },
    {
        "code": "bo-CN",
        "name_eng": "Tibetan (China)"
    },
    {
        "code": "bo-IN",
        "name_eng": "Tibetan (India)"
    },
    {
        "code": "br",
        "name_eng": "Breton"
    },
    {
        "code": "br-FR",
        "name_eng": "Breton (France)"
    },
    {
        "code": "bs",
        "name_eng": "Bosnian"
    },
    {
        "code": "bs-BA",
        "name_eng": "Bosnian (Bosnia & Herzegovina)"
    },
    {
        "code": "bs-Cyrl",
        "name_eng": "Bosnian (Cyrillic)"
    },
    {
        "code": "bs-Cyrl-BA",
        "name_eng": "Bosnian (Cyrillic, Bosnia & Herzegovina)"
    },
    {
        "code": "bs-Latn",
        "name_eng": "Bosnian (Latin)"
    },
    {
        "code": "bs-Latn-BA",
        "name_eng": "Bosnian (Latin, Bosnia & Herzegovina)"
    },
    {
        "code": "ca",
        "name_eng": "Catalan"
    },
    {
        "code": "ca-AD",
        "name_eng": "Catalan (Andorra)"
    },
    {
        "code": "ca-ES",
        "name_eng": "Catalan (Spain)"
    },
    {
        "code": "ca-FR",
        "name_eng": "Catalan (France)"
    },
    {
        "code": "ca-IT",
        "name_eng": "Catalan (Italy)"
    },
    {
        "code": "cs",
        "name_eng": "Czech"
    },
    {
        "code": "cs-CZ",
        "name_eng": "Czech (Czech Republic)"
    },
    {
        "code": "cy",
        "name_eng": "Welsh"
    },
    {
        "code": "cy-GB",
        "name_eng": "Welsh (United Kingdom)"
    },
    {
        "code": "da",
        "name_eng": "Danish"
    },
    {
        "code": "da-DK",
        "name_eng": "Danish (Denmark)"
    },
    {
        "code": "da-GL",
        "name_eng": "Danish (Greenland)"
    },
    {
        "code": "de",
        "name_eng": "German"
    },
    {
        "code": "de-AT",
        "name_eng": "German (Austria)"
    },
    {
        "code": "de-BE",
        "name_eng": "German (Belgium)"
    },
    {
        "code": "de-CH",
        "name_eng": "German (Switzerland)"
    },
    {
        "code": "de-DE",
        "name_eng": "German (Germany)"
    },
    {
        "code": "de-LI",
        "name_eng": "German (Liechtenstein)"
    },
    {
        "code": "de-LU",
        "name_eng": "German (Luxembourg)"
    },
    {
        "code": "dz",
        "name_eng": "Dzongkha"
    },
    {
        "code": "dz-BT",
        "name_eng": "Dzongkha (Bhutan)"
    },
    {
        "code": "ee",
        "name_eng": "Ewe"
    },
    {
        "code": "ee-GH",
        "name_eng": "Ewe (Ghana)"
    },
    {
        "code": "ee-TG",
        "name_eng": "Ewe (Togo)"
    },
    {
        "code": "el",
        "name_eng": "Greek"
    },
    {
        "code": "el-CY",
        "name_eng": "Greek (Cyprus)"
    },
    {
        "code": "el-GR",
        "name_eng": "Greek (Greece)"
    },
    {
        "code": "en",
        "name_eng": "English"
    },
    {
        "code": "en-AG",
        "name_eng": "English (Antigua & Barbuda)"
    },
    {
        "code": "en-AI",
        "name_eng": "English (Anguilla)"
    },
    {
        "code": "en-AS",
        "name_eng": "English (American Samoa)"
    },
    {
        "code": "en-AU",
        "name_eng": "English (Australia)"
    },
    {
        "code": "en-BB",
        "name_eng": "English (Barbados)"
    },
    {
        "code": "en-BE",
        "name_eng": "English (Belgium)"
    },
    {
        "code": "en-BM",
        "name_eng": "English (Bermuda)"
    },
    {
        "code": "en-BS",
        "name_eng": "English (Bahamas)"
    },
    {
        "code": "en-BW",
        "name_eng": "English (Botswana)"
    },
    {
        "code": "en-BZ",
        "name_eng": "English (Belize)"
    },
    {
        "code": "en-CA",
        "name_eng": "English (Canada)"
    },
    {
        "code": "en-CC",
        "name_eng": "English (Cocos (Keeling) Islands)"
    },
    {
        "code": "en-CK",
        "name_eng": "English (Cook Islands)"
    },
    {
        "code": "en-CM",
        "name_eng": "English (Cameroon)"
    },
    {
        "code": "en-CX",
        "name_eng": "English (Christmas Island)"
    },
    {
        "code": "en-DG",
        "name_eng": "English (Diego Garcia)"
    },
    {
        "code": "en-DM",
        "name_eng": "English (Dominica)"
    },
    {
        "code": "en-ER",
        "name_eng": "English (Eritrea)"
    },
    {
        "code": "en-FJ",
        "name_eng": "English (Fiji)"
    },
    {
        "code": "en-FK",
        "name_eng": "English (Falkland Islands)"
    },
    {
        "code": "en-FM",
        "name_eng": "English (Micronesia)"
    },
    {
        "code": "en-GB",
        "name_eng": "English (United Kingdom)"
    },
    {
        "code": "en-GD",
        "name_eng": "English (Grenada)"
    },
    {
        "code": "en-GG",
        "name_eng": "English (Guernesey)"
    },
    {
        "code": "en-GH",
        "name_eng": "English (Ghana)"
    },
    {
        "code": "en-GI",
        "name_eng": "English (Gibraltar)"
    },
    {
        "code": "en-GM",
        "name_eng": "English (Gambia)"
    },
    {
        "code": "en-GU",
        "name_eng": "English (Guam)"
    },
    {
        "code": "en-GY",
        "name_eng": "English (Guyana)"
    },
    {
        "code": "en-HK",
        "name_eng": "English (Hong Kong SAR China)"
    },
    {
        "code": "en-IE",
        "name_eng": "English (Ireland)"
    },
    {
        "code": "en-IM",
        "name_eng": "English (Isle of Man)"
    },
    {
        "code": "en-IN",
        "name_eng": "English (India)"
    },
    {
        "code": "en-IO",
        "name_eng": "English (British Indian Ocean Territory)"
    },
    {
        "code": "en-JE",
        "name_eng": "English (Jersey)"
    },
    {
        "code": "en-JM",
        "name_eng": "English (Jamaica)"
    },
    {
        "code": "en-KE",
        "name_eng": "English (Kenya)"
    },
    {
        "code": "en-KI",
        "name_eng": "English (Kiribati)"
    },
    {
        "code": "en-KN",
        "name_eng": "English (St. Kitts & Nevis)"
    },
    {
        "code": "en-KY",
        "name_eng": "English (Cayman Islands)"
    },
    {
        "code": "en-LC",
        "name_eng": "English (St. Lucia)"
    },
    {
        "code": "en-LR",
        "name_eng": "English (Liberia)"
    },
    {
        "code": "en-LS",
        "name_eng": "English (Lesotho)"
    },
    {
        "code": "en-MG",
        "name_eng": "English (Madagascar)"
    },
    {
        "code": "en-MH",
        "name_eng": "English (Marshall Islands)"
    },
    {
        "code": "en-MO",
        "name_eng": "English (Macau SAR China)"
    },
    {
        "code": "en-MP",
        "name_eng": "English (Northern Mariana Islands)"
    },
    {
        "code": "en-MS",
        "name_eng": "English (Montserrat)"
    },
    {
        "code": "en-MT",
        "name_eng": "English (Malta)"
    },
    {
        "code": "en-MU",
        "name_eng": "English (Mauritius)"
    },
    {
        "code": "en-MW",
        "name_eng": "English (Malawi)"
    },
    {
        "code": "en-MY",
        "name_eng": "English (Malaysia)"
    },
    {
        "code": "en-NA",
        "name_eng": "English (Namibia)"
    },
    {
        "code": "en-NF",
        "name_eng": "English (Norfolk Islands)"
    },
    {
        "code": "en-NG",
        "name_eng": "English (Nigeria)"
    },
    {
        "code": "en-NR",
        "name_eng": "English (Nauru)"
    },
    {
        "code": "en-NU",
        "name_eng": "English (Niue)"
    },
    {
        "code": "en-NZ",
        "name_eng": "English (New Zealand)"
    },
    {
        "code": "en-PG",
        "name_eng": "English (Papua New Guinea)"
    },
    {
        "code": "en-PH",
        "name_eng": "English (Philippines)"
    },
    {
        "code": "en-PK",
        "name_eng": "English (Pakistan)"
    },
    {
        "code": "en-PN",
        "name_eng": "English (Pitcairn Islands)"
    },
    {
        "code": "en-PR",
        "name_eng": "English (Puerto Rico)"
    },
    {
        "code": "en-PW",
        "name_eng": "English (Palau)"
    },
    {
        "code": "en-RW",
        "name_eng": "English (Rwanda)"
    },
    {
        "code": "en-SB",
        "name_eng": "English (Solomon Islands)"
    },
    {
        "code": "en-SC",
        "name_eng": "English (Seychelles)"
    },
    {
        "code": "en-SD",
        "name_eng": "English (Sudan)"
    },
    {
        "code": "en-SG",
        "name_eng": "English (Singapore)"
    },
    {
        "code": "en-SH",
        "name_eng": "English (St. Helena)"
    },
    {
        "code": "en-SL",
        "name_eng": "English (Sierra Leone)"
    },
    {
        "code": "en-SS",
        "name_eng": "English (South Sudan)"
    },
    {
        "code": "en-SX",
        "name_eng": "English (Sint Maarten)"
    },
    {
        "code": "en-SZ",
        "name_eng": "English (Swaziland)"
    },
    {
        "code": "en-TC",
        "name_eng": "English (Turks & Caicos Islands)"
    },
    {
        "code": "en-TK",
        "name_eng": "English (Tokelau)"
    },
    {
        "code": "en-TO",
        "name_eng": "English (Tonga)"
    },
    {
        "code": "en-TT",
        "name_eng": "English (Trinidad & Tobago)"
    },
    {
        "code": "en-TV",
        "name_eng": "English (Tuvalu)"
    },
    {
        "code": "en-TZ",
        "name_eng": "English (Tanzania)"
    },
    {
        "code": "en-UG",
        "name_eng": "English (Uganda)"
    },
    {
        "code": "en-UM",
        "name_eng": "English (U.S. Outlying Islands)"
    },
    {
        "code": "en-US",
        "name_eng": "English (United States)"
    },
    {
        "code": "en-VC",
        "name_eng": "English (St. Vincent & Grenadines)"
    },
    {
        "code": "en-VG",
        "name_eng": "English (British Virgin Islands)"
    },
    {
        "code": "en-VI",
        "name_eng": "English (U.S. Virgin Islands)"
    },
    {
        "code": "en-VU",
        "name_eng": "English (Vanuatu)"
    },
    {
        "code": "en-WS",
        "name_eng": "English (Samoa)"
    },
    {
        "code": "en-ZA",
        "name_eng": "English (South Africa)"
    },
    {
        "code": "en-ZM",
        "name_eng": "English (Zambia)"
    },
    {
        "code": "en-ZW",
        "name_eng": "English (Zimbabwe)"
    },
    {
        "code": "eo",
        "name_eng": "Esperanto"
    },
    {
        "code": "es",
        "name_eng": "Spanish"
    },
    {
        "code": "es-AR",
        "name_eng": "Spanish (Argentina)"
    },
    {
        "code": "es-BO",
        "name_eng": "Spanish (Bolivia)"
    },
    {
        "code": "es-CL",
        "name_eng": "Spanish (Chile)"
    },
    {
        "code": "es-CO",
        "name_eng": "Spanish (Colombia)"
    },
    {
        "code": "es-CR",
        "name_eng": "Spanish (Costa Rica)"
    },
    {
        "code": "es-CU",
        "name_eng": "Spanish (Cuba)"
    },
    {
        "code": "es-DO",
        "name_eng": "Spanish (Dominican Republic)"
    },
    {
        "code": "es-EA",
        "name_eng": "Spanish (Ceuta & Melilla)"
    },
    {
        "code": "es-EC",
        "name_eng": "Spanish (Ecuador)"
    },
    {
        "code": "es-ES",
        "name_eng": "Spanish (Spain)"
    },
    {
        "code": "es-GQ",
        "name_eng": "Spanish (Equatorial Guinea)"
    },
    {
        "code": "es-GT",
        "name_eng": "Spanish (Guatemala)"
    },
    {
        "code": "es-HN",
        "name_eng": "Spanish (Honduras)"
    },
    {
        "code": "es-IC",
        "name_eng": "Spanish (Canary Islands)"
    },
    {
        "code": "es-MX",
        "name_eng": "Spanish (Mexico)"
    },
    {
        "code": "es-NI",
        "name_eng": "Spanish (Nicaragua)"
    },
    {
        "code": "es-PA",
        "name_eng": "Spanish (Panama)"
    },
    {
        "code": "es-PE",
        "name_eng": "Spanish (Peru)"
    },
    {
        "code": "es-PH",
        "name_eng": "Spanish (Philippines)"
    },
    {
        "code": "es-PR",
        "name_eng": "Spanish (Puerto Rico)"
    },
    {
        "code": "es-PY",
        "name_eng": "Spanish (Paraguay)"
    },
    {
        "code": "es-SV",
        "name_eng": "Spanish (El Salvador)"
    },
    {
        "code": "es-US",
        "name_eng": "Spanish (United States)"
    },
    {
        "code": "es-UY",
        "name_eng": "Spanish (Uruguay)"
    },
    {
        "code": "es-VE",
        "name_eng": "Spanish (Venezuela)"
    },
    {
        "code": "et",
        "name_eng": "Estonian"
    },
    {
        "code": "et-EE",
        "name_eng": "Estonian (Estonia)"
    },
    {
        "code": "eu",
        "name_eng": "Basque"
    },
    {
        "code": "eu-ES",
        "name_eng": "Basque (Spain)"
    },
    {
        "code": "fa",
        "name_eng": "Persian"
    },
    {
        "code": "fa-AF",
        "name_eng": "Persian (Afghanistan)"
    },
    {
        "code": "fa-IR",
        "name_eng": "Persian (Iran)"
    },
    {
        "code": "ff",
        "name_eng": "Fulah"
    },
    {
        "code": "ff-CM",
        "name_eng": "Fulah (Cameroon)"
    },
    {
        "code": "ff-GN",
        "name_eng": "Fulah (Guinea)"
    },
    {
        "code": "ff-MR",
        "name_eng": "Fulah (Mauritania)"
    },
    {
        "code": "ff-SN",
        "name_eng": "Fulah (Senegal)"
    },
    {
        "code": "fi",
        "name_eng": "Finnish"
    },
    {
        "code": "fi-FI",
        "name_eng": "Finnish (Finland)"
    },
    {
        "code": "fo",
        "name_eng": "Faroese"
    },
    {
        "code": "fo-FO",
        "name_eng": "Faroese (Faroe Islands)"
    },
    {
        "code": "fr",
        "name_eng": "French"
    },
    {
        "code": "fr-BE",
        "name_eng": "French (Beligum)"
    },
    {
        "code": "fr-BF",
        "name_eng": "French (Burkina Faso)"
    },
    {
        "code": "fr-BI",
        "name_eng": "French (Burundi)"
    },
    {
        "code": "fr-BJ",
        "name_eng": "French (Benin)"
    },
    {
        "code": "fr-BL",
        "name_eng": "French (St. Barthélemy)"
    },
    {
        "code": "fr-CA",
        "name_eng": "French (Canada)"
    },
    {
        "code": "fr-CD",
        "name_eng": "French (Congo - Kinshasa)"
    },
    {
        "code": "fr-CF",
        "name_eng": "French (Central African Republic)"
    },
    {
        "code": "fr-CG",
        "name_eng": "French (Congo - Brazzaville)"
    },
    {
        "code": "fr-CH",
        "name_eng": "French (Switzerland)"
    },
    {
        "code": "fr-CI",
        "name_eng": "French (Côte d'Ivoire)"
    },
    {
        "code": "fr-CM",
        "name_eng": "French (Cameroon)"
    },
    {
        "code": "fr-DJ",
        "name_eng": "French (Djibouti)"
    },
    {
        "code": "fr-DZ",
        "name_eng": "French (Algeria)"
    },
    {
        "code": "fr-FR",
        "name_eng": "French (France)"
    },
    {
        "code": "fr-GA",
        "name_eng": "French (Gabon)"
    },
    {
        "code": "fr-GF",
        "name_eng": "French (French Guiana)"
    },
    {
        "code": "fr-GN",
        "name_eng": "French (Guinea)"
    },
    {
        "code": "fr-GP",
        "name_eng": "French (Guadeloupe)"
    },
    {
        "code": "fr-GQ",
        "name_eng": "French (Equatorial Guinea)"
    },
    {
        "code": "fr-HT",
        "name_eng": "French (Haiti)"
    },
    {
        "code": "fr-KM",
        "name_eng": "French (Comoros)"
    },
    {
        "code": "fr-LU",
        "name_eng": "French (Luxembourg)"
    },
    {
        "code": "fr-MA",
        "name_eng": "French (Morocco)"
    },
    {
        "code": "fr-MC",
        "name_eng": "French (Monaco)"
    },
    {
        "code": "fr-MF",
        "name_eng": "French (St. Martin)"
    },
    {
        "code": "fr-MG",
        "name_eng": "French (Madagascar)"
    },
    {
        "code": "fr-ML",
        "name_eng": "French (Mali)"
    },
    {
        "code": "fr-MQ",
        "name_eng": "French (Martinique)"
    },
    {
        "code": "fr-MR",
        "name_eng": "French (Mauritania)"
    },
    {
        "code": "fr-MU",
        "name_eng": "French (Mauritius)"
    },
    {
        "code": "fr-NC",
        "name_eng": "French (New Caledonia)"
    },
    {
        "code": "fr-NE",
        "name_eng": "French (Niger)"
    },
    {
        "code": "fr-PF",
        "name_eng": "French (French Polynesia)"
    },
    {
        "code": "fr-PM",
        "name_eng": "French (St. Pierre & Miquelon)"
    },
    {
        "code": "fr-RE",
        "name_eng": "French (Réunion)"
    },
    {
        "code": "fr-RW",
        "name_eng": "French (Rwanda)"
    },
    {
        "code": "fr-SC",
        "name_eng": "French (Seychelles)"
    },
    {
        "code": "fr-SN",
        "name_eng": "French (Senegal)"
    },
    {
        "code": "fr-SY",
        "name_eng": "French (Syria)"
    },
    {
        "code": "fr-TD",
        "name_eng": "French (Chad)"
    },
    {
        "code": "fr-TG",
        "name_eng": "French (Togo)"
    },
    {
        "code": "fr-TN",
        "name_eng": "French (Tunisia)"
    },
    {
        "code": "fr-VU",
        "name_eng": "French (Vanuatu)"
    },
    {
        "code": "fr-WF",
        "name_eng": "French (Wallis & Futuna)"
    },
    {
        "code": "fr-YT",
        "name_eng": "French (Mayotte)"
    },
    {
        "code": "fy",
        "name_eng": "Western Frisian"
    },
    {
        "code": "fy-NL",
        "name_eng": "Western Frisian (Netherlands)"
    },
    {
        "code": "ga",
        "name_eng": "Irish"
    },
    {
        "code": "ga-IE",
        "name_eng": "Irish (Ireland)"
    },
    {
        "code": "gd",
        "name_eng": "Scottish Gaelic"
    },
    {
        "code": "gd-GB",
        "name_eng": "Scottish Gaelic (United Kingdom)"
    },
    {
        "code": "gl",
        "name_eng": "Galician"
    },
    {
        "code": "gl-ES",
        "name_eng": "Galician (Spain)"
    },
    {
        "code": "gu",
        "name_eng": "Gujarati"
    },
    {
        "code": "gu-IN",
        "name_eng": "Gujarati (India)"
    },
    {
        "code": "gv",
        "name_eng": "Manx"
    },
    {
        "code": "gv-IM",
        "name_eng": "Manx (Isle of Man)"
    },
    {
        "code": "ha",
        "name_eng": "Hausa"
    },
    {
        "code": "ha-GH",
        "name_eng": "Hausa (Ghana)"
    },
    {
        "code": "ha-Latn",
        "name_eng": "Hausa (Latin)"
    },
    {
        "code": "ha-Latn-GH",
        "name_eng": "Hausa (Latin, Ghana)"
    },
    {
        "code": "ha-Latn-NE",
        "name_eng": "Hausa (Latin, Niger)"
    },
    {
        "code": "ha-Latn-NG",
        "name_eng": "Hausa (Latin, Nigeria)"
    },
    {
        "code": "ha-NE",
        "name_eng": "Hausa (Niger)"
    },
    {
        "code": "ha-NG",
        "name_eng": "Hausa (Nigeria)"
    },
    {
        "code": "he",
        "name_eng": "Hebrew"
    },
    {
        "code": "he-IL",
        "name_eng": "Hebrew (Israel)"
    },
    {
        "code": "hi",
        "name_eng": "Hindi"
    },
    {
        "code": "hi-IN",
        "name_eng": "Hindi (India)"
    },
    {
        "code": "hr",
        "name_eng": "Croatian"
    },
    {
        "code": "hr-BA",
        "name_eng": "Croatian (Bosnia & Herzegovina)"
    },
    {
        "code": "hr-HR",
        "name_eng": "Croatian (Croatia)"
    },
    {
        "code": "hu",
        "name_eng": "Hungarian"
    },
    {
        "code": "hu-HU",
        "name_eng": "Hungarian (Hungary)"
    },
    {
        "code": "hy",
        "name_eng": "Armenian"
    },
    {
        "code": "hy-AM",
        "name_eng": "Armenian (Armenia)"
    },
    {
        "code": "id",
        "name_eng": "Indonesian"
    },
    {
        "code": "id-ID",
        "name_eng": "Indonesian (Indonesia)"
    },
    {
        "code": "ig",
        "name_eng": "Igbo"
    },
    {
        "code": "ig-NG",
        "name_eng": "Igbo (Nigeria)"
    },
    {
        "code": "ii",
        "name_eng": "Sichuan Yi"
    },
    {
        "code": "ii-CN",
        "name_eng": "Sichuan Yi (China)"
    },
    {
        "code": "is",
        "name_eng": "Icelandic"
    },
    {
        "code": "is-IS",
        "name_eng": "Icelandic (Iceland)"
    },
    {
        "code": "it",
        "name_eng": "Italian"
    },
    {
        "code": "it-CH",
        "name_eng": "Italian (Switzerland)"
    },
    {
        "code": "it-IT",
        "name_eng": "Italian (Italy)"
    },
    {
        "code": "it-SM",
        "name_eng": "Italian (San Marino)"
    },
    {
        "code": "ja",
        "name_eng": "Japanese"
    },
    {
        "code": "ja-JP",
        "name_eng": "Japanese (Japan)"
    },
    {
        "code": "ka",
        "name_eng": "Georgian"
    },
    {
        "code": "ka-GE",
        "name_eng": "Georgian (Georgia)"
    },
    {
        "code": "ki",
        "name_eng": "Kikuyu"
    },
    {
        "code": "ki-KE",
        "name_eng": "Kikuyu (Kenya)"
    },
    {
        "code": "kk",
        "name_eng": "Kazakh"
    },
    {
        "code": "kk-Cyrl",
        "name_eng": "Kazakh (Cyrillic)"
    },
    {
        "code": "kk-Cyrl-KZ",
        "name_eng": "Kazakh (Cyrillic, Kazakhstan)"
    },
    {
        "code": "kk-KZ",
        "name_eng": "Kazakh (Kazakhstan)"
    },
    {
        "code": "kl",
        "name_eng": "Kalaallisut"
    },
    {
        "code": "kl-GL",
        "name_eng": "Kalaallisut (Greenland)"
    },
    {
        "code": "km",
        "name_eng": "Khmer"
    },
    {
        "code": "km-KH",
        "name_eng": "Khmer (Cambodia)"
    },
    {
        "code": "kn",
        "name_eng": "Kannada"
    },
    {
        "code": "kn-IN",
        "name_eng": "Kannada (India)"
    },
    {
        "code": "ko",
        "name_eng": "Korean"
    },
    {
        "code": "ko-KP",
        "name_eng": "Korean (North Korea)"
    },
    {
        "code": "ko-KR",
        "name_eng": "Korean (South Korea)"
    },
    {
        "code": "ks",
        "name_eng": "Kashmiri"
    },
    {
        "code": "ks-Arab",
        "name_eng": "Kashmiri (Arabic)"
    },
    {
        "code": "ks-Arab-IN",
        "name_eng": "Kashmiri (Arabic, India)"
    },
    {
        "code": "ks-IN",
        "name_eng": "Kashmiri (India)"
    },
    {
        "code": "kw",
        "name_eng": "Cornish"
    },
    {
        "code": "kw-GB",
        "name_eng": "Cornish (United Kingdom)"
    },
    {
        "code": "ky",
        "name_eng": "Kyrgyz"
    },
    {
        "code": "ky-Cyrl",
        "name_eng": "Kyrgyz (Cyrillic)"
    },
    {
        "code": "ky-Cyrl-KG",
        "name_eng": "Kyrgyz (Cyrillic, Kyrgyzstan)"
    },
    {
        "code": "ky-KG",
        "name_eng": "Kyrgyz (Kyrgyzstan)"
    },
    {
        "code": "lb",
        "name_eng": "Luxembourgish"
    },
    {
        "code": "lb-LU",
        "name_eng": "Luxembourgish (Luxembourg)"
    },
    {
        "code": "lg",
        "name_eng": "Ganda"
    },
    {
        "code": "lg-UG",
        "name_eng": "Ganda (Uganda)"
    },
    {
        "code": "ln",
        "name_eng": "Lingala"
    },
    {
        "code": "ln-AO",
        "name_eng": "Lingala (Angola)"
    },
    {
        "code": "ln-CD",
        "name_eng": "Lingala (Congo - Kinshasa)"
    },
    {
        "code": "ln-CF",
        "name_eng": "Lingala (Central African Republic)"
    },
    {
        "code": "ln-CG",
        "name_eng": "Lingala (Congo - Brazzaville)"
    },
    {
        "code": "lo",
        "name_eng": "Lao"
    },
    {
        "code": "lo-LA",
        "name_eng": "Lao (Laos)"
    },
    {
        "code": "lt",
        "name_eng": "Lithuanian"
    },
    {
        "code": "lt-LT",
        "name_eng": "Lithuanian (Lithuania)"
    },
    {
        "code": "lu",
        "name_eng": "Luba-Katanga"
    },
    {
        "code": "lu-CD",
        "name_eng": "Luba-Katanga (Congo - Kinshasa)"
    },
    {
        "code": "lv",
        "name_eng": "Latvian"
    },
    {
        "code": "lv-LV",
        "name_eng": "Latvian (Latvia)"
    },
    {
        "code": "mg",
        "name_eng": "Malagasy"
    },
    {
        "code": "mg-MG",
        "name_eng": "Malagasy (Madagascar)"
    },
    {
        "code": "mk",
        "name_eng": "Macedonian"
    },
    {
        "code": "mk-MK",
        "name_eng": "Macedonian (Macedonia)"
    },
    {
        "code": "ml",
        "name_eng": "Malayalam"
    },
    {
        "code": "ml-IN",
        "name_eng": "Malayalam (India)"
    },
    {
        "code": "mn",
        "name_eng": "Mongolian"
    },
    {
        "code": "mn-Cyrl",
        "name_eng": "Mongolian (Cyrillic)"
    },
    {
        "code": "mn-Cyrl-MN",
        "name_eng": "Mongolian (Cyrillic, Mongolia)"
    },
    {
        "code": "mn-MN",
        "name_eng": "Mongolian (Mongolia)"
    },
    {
        "code": "mr",
        "name_eng": "Marathi"
    },
    {
        "code": "mr-IN",
        "name_eng": "Marathi (India)"
    },
    {
        "code": "ms",
        "name_eng": "Malay"
    },
    {
        "code": "ms-BN",
        "name_eng": "Malay (Brunei)"
    },
    {
        "code": "ms-Latn",
        "name_eng": "Malay (Latin)"
    },
    {
        "code": "ms-Latn-BN",
        "name_eng": "Malay (Latin, Brunei)"
    },
    {
        "code": "ms-Latn-MY",
        "name_eng": "Malay (Latin, Malaysia)"
    },
    {
        "code": "ms-Latn-SG",
        "name_eng": "Malay (Latin, Singapore)"
    },
    {
        "code": "ms-MY",
        "name_eng": "Malay (Malaysia)"
    },
    {
        "code": "ms-SG",
        "name_eng": "Malay (Singapore)"
    },
    {
        "code": "mt",
        "name_eng": "Maltese"
    },
    {
        "code": "mt-MT",
        "name_eng": "Maltese (Malta)"
    },
    {
        "code": "my",
        "name_eng": "Burmese"
    },
    {
        "code": "my-MM",
        "name_eng": "Burmese (Myanmar (Burma))"
    },
    {
        "code": "nb",
        "name_eng": "Norweigan Bokmål"
    },
    {
        "code": "nb-NO",
        "name_eng": "Norweigan Bokmål (Norway)"
    },
    {
        "code": "nb-SJ",
        "name_eng": "Norweigan Bokmål (Svalbard & Jan Mayen)"
    },
    {
        "code": "nd",
        "name_eng": "North Ndebele"
    },
    {
        "code": "nd-ZW",
        "name_eng": "North Ndebele (Zimbabwe)"
    },
    {
        "code": "ne",
        "name_eng": "Nepali"
    },
    {
        "code": "ne-IN",
        "name_eng": "Nepali (India)"
    },
    {
        "code": "ne-NP",
        "name_eng": "Nepali (Nepal)"
    },
    {
        "code": "nl",
        "name_eng": "Dutch"
    },
    {
        "code": "nl-AW",
        "name_eng": "Dutch (Aruba)"
    },
    {
        "code": "nl-BE",
        "name_eng": "Dutch (Belgium)"
    },
    {
        "code": "nl-BQ",
        "name_eng": "Dutch (Caribbean Netherlands)"
    },
    {
        "code": "nl-CW",
        "name_eng": "Dutch (Curaçao)"
    },
    {
        "code": "nl-NL",
        "name_eng": "Dutch (Netherlands)"
    },
    {
        "code": "nl-SR",
        "name_eng": "Dutch (Suriname)"
    },
    {
        "code": "nl-SX",
        "name_eng": "Dutch (Sint Maarten)"
    },
    {
        "code": "nn",
        "name_eng": "Norweigan Nynorsk"
    },
    {
        "code": "nn-NO",
        "name_eng": "Norweigan Nynorsk (Norway)"
    },
    {
        "code": "no",
        "name_eng": "Norweigan"
    },
    {
        "code": "no-NO",
        "name_eng": "Norweigan (Norway)"
    },
    {
        "code": "om",
        "name_eng": "Oromo"
    },
    {
        "code": "om-ET",
        "name_eng": "Oromo (Ethiopia)"
    },
    {
        "code": "om-KE",
        "name_eng": "Oromo (Kenya)"
    },
    {
        "code": "or",
        "name_eng": "Oriya"
    },
    {
        "code": "or-IN",
        "name_eng": "Oriya (India)"
    },
    {
        "code": "os",
        "name_eng": "Ossetic"
    },
    {
        "code": "os-GE",
        "name_eng": "Ossetic (Georgia)"
    },
    {
        "code": "os-RU",
        "name_eng": "Ossetic (Russia)"
    },
    {
        "code": "pa",
        "name_eng": "Punjabi"
    },
    {
        "code": "pa-Arab",
        "name_eng": "Punjabi (Arabic)"
    },
    {
        "code": "pa-Arab-PK",
        "name_eng": "Punjabi (Arabic, Pakistan)"
    },
    {
        "code": "pa-Guru",
        "name_eng": "Punjabi (Gurmukhi)"
    },
    {
        "code": "pa-Guru-IN",
        "name_eng": "Punjabi (Gurmukhi, India)"
    },
    {
        "code": "pa-IN",
        "name_eng": "Punjabi (India)"
    },
    {
        "code": "pa-PK",
        "name_eng": "Punjabi (Pakistan)"
    },
    {
        "code": "pl",
        "name_eng": "Polish"
    },
    {
        "code": "pl-PL",
        "name_eng": "Polish (Poland)"
    },
    {
        "code": "ps",
        "name_eng": "Pashto"
    },
    {
        "code": "ps-AF",
        "name_eng": "Pashto (Afghanistan)"
    },
    {
        "code": "pt",
        "name_eng": "Portuguese"
    },
    {
        "code": "pt-AO",
        "name_eng": "Portuguese (Angola)"
    },
    {
        "code": "pt-BR",
        "name_eng": "Portuguese (Brazil)"
    },
    {
        "code": "pt-CV",
        "name_eng": "Portuguese (Cape Verde)"
    },
    {
        "code": "pt-GW",
        "name_eng": "Portuguese (Guinea-Bissau)"
    },
    {
        "code": "pt-MO",
        "name_eng": "Portuguese (Macau SAR China)"
    },
    {
        "code": "pt-MZ",
        "name_eng": "Portuguese (Mozambique)"
    },
    {
        "code": "pt-PT",
        "name_eng": "Portuguese (Portugal)"
    },
    {
        "code": "pt-ST",
        "name_eng": "Portuguese (São Tomé and Príncipe)"
    },
    {
        "code": "pt-TL",
        "name_eng": "Portuguese (Timor-Leste)"
    },
    {
        "code": "qu",
        "name_eng": "Quechua"
    },
    {
        "code": "qu-BO",
        "name_eng": "Quechua (Bolivia)"
    },
    {
        "code": "qu-EC",
        "name_eng": "Quechua (Ecuador)"
    },
    {
        "code": "qu-PE",
        "name_eng": "Quechua (Peru)"
    },
    {
        "code": "rm",
        "name_eng": "Romansh"
    },
    {
        "code": "rm-CH",
        "name_eng": "Romansh (Switzerland)"
    },
    {
        "code": "rn",
        "name_eng": "Rundi"
    },
    {
        "code": "rn-BI",
        "name_eng": "Rundi (Burundi)"
    },
    {
        "code": "ro",
        "name_eng": "Romanian"
    },
    {
        "code": "ro-MD",
        "name_eng": "Romanian (Moldova)"
    },
    {
        "code": "ro-RO",
        "name_eng": "Romanian (Romania)"
    },
    {
        "code": "ru",
        "name_eng": "Russian"
    },
    {
        "code": "ru-BY",
        "name_eng": "Russian (Belarus)"
    },
    {
        "code": "ru-KG",
        "name_eng": "Russian (Kyrgyzstan)"
    },
    {
        "code": "ru-KZ",
        "name_eng": "Russian (Kazakhstan)"
    },
    {
        "code": "ru-MD",
        "name_eng": "Russian (Moldova)"
    },
    {
        "code": "ru-RU",
        "name_eng": "Russian (Russia)"
    },
    {
        "code": "ru-UA",
        "name_eng": "Russian (Ukraine)"
    },
    {
        "code": "rw",
        "name_eng": "Kinyarwanda"
    },
    {
        "code": "rw-RW",
        "name_eng": "Kinyarwanda (Rwanda)"
    },
    {
        "code": "se",
        "name_eng": "Northern Sami"
    },
    {
        "code": "se-FI",
        "name_eng": "Northern Sami (Finland)"
    },
    {
        "code": "se-NO",
        "name_eng": "Northern Sami (Norway)"
    },
    {
        "code": "se-SE",
        "name_eng": "Northern Sami (Sweden)"
    },
    {
        "code": "sg",
        "name_eng": "Sango"
    },
    {
        "code": "sg-CF",
        "name_eng": "Sango (Central African Republic)"
    },
    {
        "code": "sh",
        "name_eng": "Serbo-Croatian"
    },
    {
        "code": "sh-BA",
        "name_eng": "Serbo-Croatian (Bosnia & Herzegovina)"
    },
    {
        "code": "si",
        "name_eng": "Sinhala"
    },
    {
        "code": "si-LK",
        "name_eng": "Sinhala (Sri Lanka)"
    },
    {
        "code": "sk",
        "name_eng": "Slovak"
    },
    {
        "code": "sk-SK",
        "name_eng": "Slovak (Slovakia)"
    },
    {
        "code": "sl",
        "name_eng": "Slovenian"
    },
    {
        "code": "sl-SI",
        "name_eng": "Slovenian (Slovenia)"
    },
    {
        "code": "sn",
        "name_eng": "Shona"
    },
    {
        "code": "sn-ZW",
        "name_eng": "Shona (Zimbabwe)"
    },
    {
        "code": "so",
        "name_eng": "Somali"
    },
    {
        "code": "so-DJ",
        "name_eng": "Somali (Djibouti)"
    },
    {
        "code": "so-ET",
        "name_eng": "Somali (Ethiopia)"
    },
    {
        "code": "so-KE",
        "name_eng": "Somali (Kenya)"
    },
    {
        "code": "so-SO",
        "name_eng": "Somali (Somalia)"
    },
    {
        "code": "sq",
        "name_eng": "Albanian"
    },
    {
        "code": "sq-AL",
        "name_eng": "Albanian (Albania)"
    },
    {
        "code": "sq-MK",
        "name_eng": "Albanian (North Macedonia)"
    },
    {
        "code": "sq-XK",
        "name_eng": "Albanian (Kosovo)"
    },
    {
        "code": "sr",
        "name_eng": "Serbian"
    },
    {
        "code": "sr-BA",
        "name_eng": "Serbian (Bosnia & Herzegovina)"
    },
    {
        "code": "sr-Cyrl",
        "name_eng": "Serbian (Cyrillic)"
    },
    {
        "code": "sr-Cyrl-BA",
        "name_eng": "Serbian (Cyrillic, Bosnia & Herzegovina)"
    },
    {
        "code": "sr-Cyrl-ME",
        "name_eng": "Serbian (Cyrillic, Montenegro)"
    },
    {
        "code": "sr-Cyrl-RS",
        "name_eng": "Serbian (Cyrillic, Serbia)"
    },
    {
        "code": "sr-Cyrl-XK",
        "name_eng": "Serbian (Cyrillic, Kosovo)"
    },
    {
        "code": "sr-Latn",
        "name_eng": "Serbian (Latin)"
    },
    {
        "code": "sr-Latn-BA",
        "name_eng": "Serbian (Latin, Bosnia & Herzegovina)"
    },
    {
        "code": "sr-Latn-ME",
        "name_eng": "Serbian (Latin, Montenegro)"
    },
    {
        "code": "sr-Latn-RS",
        "name_eng": "Serbian (Latin, Serbia)"
    },
    {
        "code": "sr-Latn-XK",
        "name_eng": "Serbian (Latin, Kosovo)"
    },
    {
        "code": "sr-ME",
        "name_eng": "Serbian (Montenegro)"
    },
    {
        "code": "sr-RS",
        "name_eng": "Serbian (Serbia)"
    },
    {
        "code": "sr-XK",
        "name_eng": "Serbian (Kosovo)"
    },
    {
        "code": "sv",
        "name_eng": "Swedish"
    },
    {
        "code": "sv-AX",
        "name_eng": "Swedish (Åland Islands)"
    },
    {
        "code": "sv-FI",
        "name_eng": "Swedish (Finland)"
    },
    {
        "code": "sv-SE",
        "name_eng": "Swedish (Sverige)"
    },
    {
        "code": "sw",
        "name_eng": "Swahili"
    },
    {
        "code": "sw-CD",
        "name_eng": "Swahili (Congo - Kinshasa)"
    },
    {
        "code": "sw-KE",
        "name_eng": "Swahili (Kenya)"
    },
    {
        "code": "sw-TZ",
        "name_eng": "Swahili (Tanzania)"
    },
    {
        "code": "sw-UG",
        "name_eng": "Swahili (Uganda)"
    },
    {
        "code": "ta",
        "name_eng": "Tamil"
    },
    {
        "code": "ta-IN",
        "name_eng": "Tamil (India)"
    },
    {
        "code": "ta-LK",
        "name_eng": "Tamil (Sri Lanka)"
    },
    {
        "code": "ta-MY",
        "name_eng": "Tamil (Malaysia)"
    },
    {
        "code": "ta-SG",
        "name_eng": "Tamil (Singapore)"
    },
    {
        "code": "te",
        "name_eng": "Telugu"
    },
    {
        "code": "te-IN",
        "name_eng": "Telugu (India)"
    },
    {
        "code": "th",
        "name_eng": "Thai"
    },
    {
        "code": "th-TH",
        "name_eng": "Thai (Thailand)"
    },
    {
        "code": "ti",
        "name_eng": "Tigrinya"
    },
    {
        "code": "ti-ER",
        "name_eng": "Tigrinya (Eritrea)"
    },
    {
        "code": "ti-ET",
        "name_eng": "Tigrinya (Ethiopia)"
    },
    {
        "code": "tl",
        "name_eng": "Tagalog"
    },
    {
        "code": "tl-PH",
        "name_eng": "Tagalog (Philioppines)"
    },
    {
        "code": "to",
        "name_eng": "Tongan"
    },
    {
        "code": "to-TO",
        "name_eng": "Tongan (Tonga)"
    },
    {
        "code": "tr",
        "name_eng": "Turkish"
    },
    {
        "code": "tr-CY",
        "name_eng": "Turkish (Cyprus)"
    },
    {
        "code": "tr-TR",
        "name_eng": "Turkish (Turkey)"
    },
    {
        "code": "ug",
        "name_eng": "Uyghur"
    },
    {
        "code": "ug-Arab",
        "name_eng": "Uyghur (Arabic)"
    },
    {
        "code": "ug-Arab-CN",
        "name_eng": "Uyghur (Arabic, China)"
    },
    {
        "code": "ug-CN",
        "name_eng": "Uyghur (China)"
    },
    {
        "code": "uk",
        "name_eng": "Ukrainian"
    },
    {
        "code": "uk-UA",
        "name_eng": "Ukrainian (Ukraine)"
    },
    {
        "code": "ur",
        "name_eng": "Urdu"
    },
    {
        "code": "ur-IN",
        "name_eng": "Urdu (India)"
    },
    {
        "code": "ur-PK",
        "name_eng": "Urdu (Pakistan)"
    },
    {
        "code": "uz",
        "name_eng": "Uzbek"
    },
    {
        "code": "uz-AF",
        "name_eng": "Uzbek (Afghanistan)"
    },
    {
        "code": "uz-Arab",
        "name_eng": "Uzbek (Arabic)"
    },
    {
        "code": "uz-Arab-AF",
        "name_eng": "Uzbek (Arabic, Afghanistan)"
    },
    {
        "code": "uz-Cyrl",
        "name_eng": "Uzbek (Cyrillic)"
    },
    {
        "code": "uz-Cyrl-UZ",
        "name_eng": "Uzbek (Cyrillic, Uzbekistan)"
    },
    {
        "code": "uz-Latn",
        "name_eng": "Uzbek (Latin)"
    },
    {
        "code": "uz-Latn-UZ",
        "name_eng": "Uzbek (Latin, Uzbekistan)"
    },
    {
        "code": "uz-UZ",
        "name_eng": "Uzbek (Uzbekistan)"
    },
    {
        "code": "vi",
        "name_eng": "Vietnamese"
    },
    {
        "code": "vi-VN",
        "name_eng": "Vietnamese (Vietnam)"
    },
    {
        "code": "yi",
        "name_eng": "Yiddish"
    },
    {
        "code": "yo",
        "name_eng": "Yoruba"
    },
    {
        "code": "yo-BJ",
        "name_eng": "Yoruba (Benin)"
    },
    {
        "code": "yo-NG",
        "name_eng": "Yoruba (Nigeria)"
    },
    {
        "code": "zh",
        "name_eng": "Chinese"
    },
    {
        "code": "zh-CN",
        "name_eng": "Chinese (China)"
    },
    {
        "code": "zh-HK",
        "name_eng": "Chinese (Hong Kong SAR China)"
    },
    {
        "code": "zh-Hans",
        "name_eng": "Chinese (Simplified)"
    },
    {
        "code": "zh-Hans-CN",
        "name_eng": "Chinese (Simplified, China)"
    },
    {
        "code": "zh-Hans-HK",
        "name_eng": "Chinese (Simplified, Hong Kong SAR China)"
    },
    {
        "code": "zh-Hans-MO",
        "name_eng": "Chinese (Simplified, Macau SAR China)"
    },
    {
        "code": "zh-Hans-SG",
        "name_eng": "Chinese (Simplified, Singapore)"
    },
    {
        "code": "zh-Hant",
        "name_eng": "Chinese (Traditional)"
    },
    {
        "code": "zh-Hant-HK",
        "name_eng": "Chinese (Traditional, Hong Kong SAR China)"
    },
    {
        "code": "zh-Hant-MO",
        "name_eng": "Chinese (Traditional, Macau SAR China)"
    },
    {
        "code": "zh-Hant-TW",
        "name_eng": "Chinese (Traditional, Taiwan)"
    },
    {
        "code": "zh-MO",
        "name_eng": "Chinese (Macau SAR China)"
    },
    {
        "code": "zh-SG",
        "name_eng": "Chinese (Singapore)"
    },
    {
        "code": "zh-TW",
        "name_eng": "Chinese (Taiwan)"
    },
    {
        "code": "zu",
        "name_eng": "Zulu"
    },
    {
        "code": "zu-ZA",
        "name_eng": "Zulu (South Africa)"
    }
]